{
    "root_group": {
        "name": "",
        "path": "",
        "id": "d41d8cd98f00b204e9800998ecf8427e",
        "groups": {},
        "checks": {
                "expected": {
                    "name": "expected",
                    "path": "::expected",
                    "id": "4902fdbd45c09dc88b9112e1e3c99e7c",
                    "passes": 200,
                    "fails": 4324
                }
            }
    },
    "metrics": {
        "checks": {
            "passes": 200,
            "fails": 4324,
            "value": 0.04420866489832007
        },
        "http_req_blocked": {
            "min": 0.001371,
            "med": 0.007159,
            "max": 1.397676,
            "p(90)": 0.012143,
            "p(95)": 0.02295589999999997,
            "avg": 0.015128296419098167
        },
        "http_req_failed": {
            "passes": 4324,
            "fails": 200,
            "value": 0.9557913351016799
        },
        "http_reqs": {
            "count": 4524,
            "rate": 37.54805519932005
        },
        "iteration_duration": {
            "min": 1000.8135,
            "med": 1002.8447835,
            "max": 1040.252103,
            "p(90)": 1004.0827363,
            "p(95)": 1005.24010905,
            "avg": 1003.3608598762163
        },
        "iterations": {
            "count": 4524,
            "rate": 37.54805519932005
        },
        "http_req_receiving": {
            "med": 0.1421345,
            "max": 1.689072,
            "p(90)": 0.22139500000000004,
            "p(95)": 0.26353024999999963,
            "avg": 0.15221385167992957,
            "min": 0.040077
        },
        "http_req_duration{expected_response:true}": {
            "avg": 13.053300294999996,
            "min": 3.813049,
            "med": 10.2954855,
            "max": 39.052041,
            "p(90)": 25.0119946,
            "p(95)": 27.7449889
        },
        "vus_max": {
            "value": 50,
            "min": 50,
            "max": 50
        },
        "http_req_duration": {
            "med": 1.8544895000000001,
            "max": 39.052041,
            "p(90)": 2.9363774,
            "p(95)": 4.119433299999987,
            "avg": 2.3754961202475706,
            "min": 0.501758,
            "thresholds": {
                "p(95)<500": false,
                "p(99)<1000": false
            }
        },
        "http_req_waiting": {
            "max": 38.911192,
            "p(90)": 2.7140479000000006,
            "p(95)": 3.9122458999999945,
            "avg": 2.1751236379310286,
            "min": 0.433787,
            "med": 1.6401415
        },
        "http_req_tls_handshaking": {
            "p(95)": 0,
            "avg": 0,
            "min": 0,
            "med": 0,
            "max": 0,
            "p(90)": 0
        },
        "vus": {
            "min": 2,
            "max": 50,
            "value": 2
        },
        "data_received": {
            "count": 2318803,
            "rate": 19245.47812562974
        },
        "http_req_connecting": {
            "med": 0,
            "max": 1.201618,
            "p(90)": 0,
            "p(95)": 0,
            "avg": 0.004486369142351902,
            "min": 0
        },
        "status_code": {
            "count": 4524,
            "rate": 37.54805519932005
        },
        "data_sent": {
            "count": 357396,
            "rate": 2966.2963607462843
        },
        "http_req_sending": {
            "avg": 0.048158630636604596,
            "min": 0.007151,
            "med": 0.033568,
            "max": 1.394107,
            "p(90)": 0.09512140000000004,
            "p(95)": 0.11361274999999996
        }
    }
}